{
  "hash": "fdb8439f",
  "configHash": "5ac8e205",
  "lockfileHash": "6124af21",
  "browserHash": "b1b3a657",
  "optimized": {
    "@angular/common": {
      "src": "../../../../../node_modules/@angular/common/fesm2022/common.mjs",
      "file": "@angular_common.js",
      "fileHash": "ad50f3dd",
      "needsInterop": false
    },
    "@angular/common/http": {
      "src": "../../../../../node_modules/@angular/common/fesm2022/http.mjs",
      "file": "@angular_common_http.js",
      "fileHash": "91fa0fe6",
      "needsInterop": false
    },
    "@angular/core": {
      "src": "../../../../../node_modules/@angular/core/fesm2022/core.mjs",
      "file": "@angular_core.js",
      "fileHash": "6505c4d0",
      "needsInterop": false
    },
    "@angular/forms": {
      "src": "../../../../../node_modules/@angular/forms/fesm2022/forms.mjs",
      "file": "@angular_forms.js",
      "fileHash": "8f8d1b6e",
      "needsInterop": false
    },
    "@angular/platform-browser": {
      "src": "../../../../../node_modules/@angular/platform-browser/fesm2022/platform-browser.mjs",
      "file": "@angular_platform-browser.js",
      "fileHash": "56a88c1c",
      "needsInterop": false
    },
    "@angular/router": {
      "src": "../../../../../node_modules/@angular/router/fesm2022/router.mjs",
      "file": "@angular_router.js",
      "fileHash": "f7e0ebe7",
      "needsInterop": false
    }
  },
  "chunks": {
    "chunk-JBZD7XDN": {
      "file": "chunk-JBZD7XDN.js"
    },
    "chunk-MME2BROZ": {
      "file": "chunk-MME2BROZ.js"
    },
    "chunk-EW4RPYOW": {
      "file": "chunk-EW4RPYOW.js"
    },
    "chunk-OUN6FX7A": {
      "file": "chunk-OUN6FX7A.js"
    }
  }
}